SNP,Score
rs732096,0
rs9809905,0
rs6795780,0
rs9211,0
rs12489038,0
rs428862,0
rs2648701,0
rs6784345,0
rs4684917,0
rs2597513,0
rs9831797,0
rs2276747,0
rs7610284,0
rs4611801,0
rs734176,0
rs2733583,0
rs1482038,0
rs13091718,0
rs1550158,0
rs4685160,0
rs6766142,0
rs12637706,0
rs4685165,0
rs2090702,0
rs7645232,0
rs11128705,0
rs11709154,0
rs7615913,0
rs7644101,0
rs9821143,0
rs11128718,0
rs13072398,0
rs4685219,0
rs17482502,0
rs13085837,0
rs1563416,0
rs905640,0
rs2290538,0
rs2470547,0
rs6442562,0
rs2730350,0
rs924931,0
rs3796301,0
rs6767356,0
rs581152,0
rs690037,0
rs556322,0
rs7624893,0
rs11128790,0
rs2163021,0
rs10454232,0
rs1529513,0
rs4684295,0
rs1375629,0
rs4685403,0
rs9821630,0
rs7644020,0
rs8179983,0
rs10510480,0
rs11928474,0
rs6577606,0
rs4909002,0
rs4688903,0
rs17201125,0
rs11921478,0
rs11716005,0
rs2361571,0
rs13084910,0
rs730586,0
rs6783450,0
rs9846656,0
rs2929401,0
rs11128935,0
rs17006684,0
rs1567201,0
rs6770717,0
rs11128953,0
rs1520056,0
rs7633394,0
rs6762123,0
rs1520046,0
rs1520045,0
rs594583,0
rs17809565,0
rs17809619,0
rs7615753,0
rs17007652,0
rs9864991,0
rs13073034,0
rs1821765,0
rs1436822,0
rs2661388,0
rs341859,0
rs987944,0
rs9824797,0
rs6806788,0
rs2060530,0
rs167936,0
rs10510513,0
rs151276,0
rs1871106,0
rs17009071,0
rs10510514,0
rs12054239,0
rs4858015,0
rs259527,0
rs17641808,0
rs9843192,0
rs13098412,0
rs259460,0
rs1491881,0
rs2167182,0
rs17011494,0
rs4479617,0
rs1463223,0
rs1026527,0
rs13070085,0
rs296160,0
rs33108,0
rs822789,0
rs6807204,0
rs6550728,0
rs7649830,0
rs4619807,0
rs6550756,0
rs931609,0
rs1496653,0
rs13062101,0
rs17013457,0
rs11706875,0
rs4596094,0
rs11129122,0
rs9833833,0
rs4858553,0
rs7652347,0
rs2683540,0
rs851717,0
rs1449874,0
rs17787283,0
rs1349264,0
rs9843159,0
rs826228,0
rs9852824,0
rs10490835,0
rs747312,0
rs12495477,0
rs9310754,0
rs4241535,0
rs4241536,0
rs7617311,0
rs10865799,0
rs10510551,0
rs9819866,0
rs9880826,0
rs9872920,0
rs7640521,0
rs1603983,0
rs1992060,0
rs13077354,0
rs6550960,0
rs167732,0
rs1561116,0
rs1483831,0
rs4393871,0
rs1406575,0
rs1153596,0
rs11707637,0
rs17526839,0
rs2052760,0
rs9872930,0
rs6419855,0
rs9880009,0
rs4973786,0
rs1599923,0
rs17018481,0
rs4973801,0
rs6792812,0
rs1488214,0
rs4973821,0
rs2044572,0
rs939832,0
rs7653795,0
rs2370946,0
rs17630832,0
rs3278,0
rs602543,0
rs12485763,0
rs2724524,0
rs6762388,0
rs6764447,0
rs2581199,0
rs12493245,0
rs9810699,0
rs1382416,0
rs6551237,0
rs902979,0
rs9843464,0
rs7612033,0
rs4680762,0
rs4269043,0
rs1461803,0
rs4680773,0
rs17021644,0
rs922290,0
rs12634756,0
rs4680785,0
rs6549907,0
rs6549917,0
rs1517150,0
rs7616684,0
rs984462,0
rs9871008,0
rs981829,0
rs17665280,0
rs4488795,0
rs13085028,0
rs13084147,0
rs1438339,0
rs9811898,0
rs3773025,0
rs35883,0
rs9862320,0
rs10510622,0
rs9833942,0
rs10446421,0
rs7633961,0
rs12490863,0
rs17553785,0
rs2174583,0
rs6778417,0
rs1434019,0
rs4680877,0
rs1433989,0
rs1347288,0
rs7643114,0
rs2132297,0
rs1495589,0
rs903608,0
rs795347,0
rs6764603,0
rs9879112,0
rs4955348,0
rs294284,0
rs6791063,0
rs974376,0
rs6805533,0
rs4254693,0
rs12493391,0
rs6771464,0
rs7641067,0
rs7641408,0
rs3792551,0
rs1902334,0
rs11717500,0
rs7613225,0
rs2290532,0
rs12171283,0
rs4485758,0
rs11129469,0
rs6804657,0
rs13317583,0
rs11929134,0
rs9871884,0
rs2084740,0
rs9861404,0
rs6802739,0
rs11922715,0
rs6550105,0
rs4440157,0
rs4245878,0
rs13078069,0
rs12488341,0
rs2228428,0
rs6770096,0
rs4678681,0
rs11710380,0
rs6800399,0
rs17805850,0
rs12485278,0
rs9867080,0
rs13100100,0
rs4678615,0
rs1127732,0
rs6776985,0
rs1112837,0
rs9875057,0
rs11717359,0
rs6768921,0
rs6770257,0
rs7638350,0
rs17031502,0
rs2336569,0
rs1212278,0
rs17235137,0
rs1403441,0
rs11927669,0
rs9846676,0
rs2299,0
rs1993909,0
rs2359207,0
rs6786768,0
rs9680953,0
rs4678757,0
rs6550342,0
rs11705929,0
rs1403470,0
rs2280096,0
rs11129672,0
rs1971222,0
rs1451800,0
rs1450008,0
rs17034638,0
rs10510682,0
rs9855275,0
rs12631282,0
rs11921700,0
rs936154,0
rs10510685,0
rs11707751,0
rs2361281,0
rs7632683,0
rs9311137,0
rs1027840,0
rs4375995,0
rs4327336,0
rs7611106,0
rs1053006,0
rs7632108,0
rs11129754,0
rs6773378,0
rs199279,0
rs6785634,0
rs6419833,0
rs2070481,0
rs6550492,0
rs7373528,0
rs2685109,0
rs7620773,0
rs11715511,0
rs928807,0
rs6599099,0
rs9866441,0
rs2239621,0
rs171248,0
rs169044,0
rs12634016,0
rs7374289,0
rs7374540,0
rs6599223,0
rs6798015,0
rs7635221,0
rs4541346,0
rs4133368,0
rs4315640,0
rs6763211,0
rs1274963,0
rs17735402,0
rs1344220,0
rs4676487,0
rs1014638,0
rs9825782,0
rs2649747,0
rs535878,0
rs2370969,0
rs12490768,0
rs4676503,0
rs17759069,0
rs9878556,0
rs1880787,0
rs12493939,0
rs1304138,0
rs2067773,0
rs2257066,0
rs17075703,0
rs12486603,0
rs2887961,0
rs2679814,0
rs9861194,0
rs17078798,0
rs9868876,0
rs3828363,0
rs9863399,0
rs10490823,0
rs4135385,0
rs9838277,0
rs3912577,0
rs9824480,0
rs9872216,0
rs7623860,0
rs2700464,0
rs13086798,0
rs9311284,0
rs974594,0
rs7644110,0
rs9852952,0
rs2290137,0
rs2290134,0
rs747455,0
rs40416,0
rs11129967,0
rs339705,0
rs502399,0
rs12635384,0
rs7647227,0
rs17406718,0
rs6441791,0
rs740836,0
rs4682910,0
rs4234436,0
rs9882688,0
rs12108134,0
rs1402752,0
rs17554407,0
rs7621143,0
rs12634217,0
rs7642831,0
rs9877753,0
rs11707321,0
rs9819447,0
rs6441888,0
rs7625872,0
rs11916555,0
rs245206,0
rs33731,0
rs13067693,0
rs9985443,0
rs6785141,0
rs854191,0
rs854192,0
rs9817974,0
rs7648681,0
rs2236938,0
rs737452,0
rs1546077,0
rs13320534,0
rs7615337,0
rs6441995,0
rs6808142,0
rs17220622,0
rs3806702,0
rs11713702,0
rs7640056,0
rs4076927,0
rs7650366,0
rs17785248,0
rs12495204,0
rs1875103,0
rs11711953,0
rs1045482,0
rs1459242,0
rs6792525,0
rs9814951,0
rs2228561,0
rs4855882,0
rs9858428,0
rs9813644,0
rs7615318,0
rs6765484,0
rs11920034,0
rs13100173,0
rs11130248,0
rs11712474,0
rs9869826,0
rs11715034,0
rs4611808,0
rs1055429,0
rs2518461,0
rs323881,0
rs3755806,0
rs2289247,0
rs2710322,0
rs3617,0
rs4687554,0
rs6445537,0
rs2564947,0
rs13088281,0
rs1483185,0
rs6783810,0
rs3774425,0
rs10049492,0
rs11130376,0
rs11709505,0
rs17053459,0
rs3796347,0
rs3774581,0
rs9836592,0
rs6801605,0
rs7627178,0
rs6766099,0
rs4582049,0
rs9835631,0
rs4927995,0
rs11707360,0
rs9855109,0
rs1449330,0
rs9817603,0
rs6807107,0
rs7372541,0
rs1543208,0
rs6782115,0
rs545517,0
rs578032,0
rs530868,0
rs6800366,0
rs4955876,0
rs9856685,0
rs2970535,0
rs12488850,0
rs1878110,0
rs1467179,0
rs17707469,0
rs358046,0
rs3773554,0
rs358079,0
rs187188,0
rs358010,0
rs17054861,0
rs921368,0
rs358806,0
rs3856709,0
rs4580514,0
rs753449,0
rs7618735,0
rs1167242,0
rs1499887,0
rs1875108,0
rs11718823,0
rs13084767,0
rs11920153,0
rs2362852,0
rs732255,0
rs6766861,0
rs1379717,0
rs9311594,0
rs13091322,0
rs9817254,0
rs13068081,0
rs13089169,0
rs2291498,0
rs2029464,0
rs2133884,0
rs17288929,0
rs6445829,0
rs11916112,0
rs13091176,0
rs2318008,0
rs508398,0
rs9825680,0
rs12492247,0
rs1623879,0
rs839230,0
rs9822918,0
rs839224,0
rs939882,0
rs7638552,0
rs7615893,0
rs12488642,0
rs14927,0
rs6795193,0
rs6798348,0
rs7633829,0
rs11130671,0
rs997118,0
rs9855539,0
rs6766732,0
rs12490225,0
rs1588678,0
rs11917972,0
rs17060242,0
rs962791,0
rs6762062,0
rs10454231,0
rs4679491,0
rs958241,0
rs1472653,0
rs732514,0
rs10510816,0
rs1456155,0
rs1155530,0
rs17061176,0
rs972795,0
rs10428174,0
rs7647491,0
rs750793,0
rs11715245,0
rs6762119,0
rs13064561,0
rs3772460,0
rs3821477,0
rs2630186,0
rs3772507,0
rs17254765,0
rs3915504,0
rs17255497,0
rs7433793,0
rs182418,0
rs212047,0
rs212041,0
rs7615522,0
rs6801817,0
rs12493170,0
rs10510826,0
rs12630887,0
rs13317306,0
rs9839662,0
rs5014208,0
rs7630823,0
rs4679643,0
rs213420,0
rs384530,0
rs213323,0
rs7619422,0
rs9841314,0
rs213354,0
rs213368,0
rs213386,0
rs6784469,0
rs4566489,0
rs1447971,0
rs9863826,0
rs6807877,0
rs11720214,0
rs2856072,0
rs1716741,0
rs12493219,0
rs2205359,0
rs17680697,0
rs2736741,0
rs11926400,0
rs6797228,0
rs13320646,0
rs7640496,0
rs704471,0
rs987834,0
rs4688637,0
rs2365935,0
rs11718714,0
rs13096099,0
rs4688276,0
rs17767097,0
rs7638067,0
rs6810180,0
rs17066154,0
rs1881270,0
rs12630374,0
rs1406611,0
rs7631150,0
rs1452075,0
rs833660,0
rs833632,0
rs6445281,0
rs9881771,0
rs571613,0
rs496184,0
rs504093,0
rs10454776,0
rs17358923,0
rs17067420,0
rs9311855,0
rs6445307,0
rs1868065,0
rs1447445,0
rs6776815,0
rs2367763,0
rs17300166,0
rs1523437,0
rs7632316,0
rs17031723,0
rs1901304,0
rs10866067,0
rs935789,0
rs1505587,0
rs9311876,0
rs7641936,0
rs1039631,0
rs6445357,0
rs13075831,0
rs6784922,0
rs11707243,0
rs6808984,0
rs6789160,0
rs1495908,0
rs11922435,0
rs2578011,0
rs166229,0
rs6808752,0
rs704375,0
rs11707025,0
rs1450985,0
rs152295,0
rs1835898,0
rs184452,0
rs9874230,0
rs853256,0
rs9812599,0
rs2888015,0
rs1036918,0
rs11717158,0
rs4505693,0
rs4132228,0
